class_name,image_count,avg_width,avg_height,avg_brightness
daisy,506,360.39130434782606,270.5197628458498,102.52213773641297
dandelion,718,365.8885793871866,273.983286908078,97.29176149041893
roses,512,361.9609375,273.873046875,101.86064561903392
sunflowers,559,364.39355992844366,271.4830053667263,105.6220521279199
tulips,639,374.25821596244134,269.62754303599377,100.71364858584863
